No.,Category,Keyword
1,Core Brand,ISKCON Seva Sadan Vrindavan
2,Core Brand,ISKCON Seva Sadan
3,Core Brand,ISKCON Seva Sadan Vrindavan booking
4,Core Brand,ISKCON Seva Sadan booking
5,Core Brand,ISKCON Seva Sadan rooms
6,Core Brand,ISKCON Seva Sadan room booking
7,Core Brand,ISKCON Seva Sadan stay
8,Core Brand,ISKCON Seva Sadan accommodation
9,Core Brand,ISKCON Seva Sadan hotel
10,Core Brand,ISKCON Seva Sadan guest house
11,Core Brand,ISKCON Seva Sadan guesthouse
12,Core Brand,ISKCON Seva Sadan contact
13,Core Brand,ISKCON Seva Sadan address
14,Core Brand,ISKCON Seva Sadan location
15,Core Brand,ISKCON Seva Sadan Vrindavan rooms
16,Core Brand,ISKCON Seva Sadan Vrindavan hotel
17,Core Brand,ISKCON Seva Sadan Vrindavan stay
18,Core Brand,ISKCON Seva Sadan Vrindavan accommodation
19,Core Brand,ISKCON Seva Sadan Vrindavan contact
20,Core Brand,ISKCON Seva Sadan Vrindavan address
21,Core Brand,ISKCON Seva Sadan Vrindavan location
22,Core Brand,ISKCON Seva Sadan price
23,Core Brand,ISKCON Seva Sadan room price
24,Core Brand,ISKCON Seva Sadan tariff
25,Core Brand,ISKCON Seva Sadan rates
26,Core Brand,ISKCON Seva Sadan online booking
27,Core Brand,book ISKCON Seva Sadan
28,Core Brand,reserve ISKCON Seva Sadan
29,Core Brand,ISKCON Seva Sadan reservation
30,Core Brand,ISKCON Seva Sadan availability
31,Core Brand,ISKCON Seva Sadan check in
32,Core Brand,ISKCON Seva Sadan check out
33,Core Brand,ISKCON Seva Sadan amenities
34,Core Brand,ISKCON Seva Sadan facilities
35,Core Brand,ISKCON Seva Sadan reviews
36,Core Brand,ISKCON Seva Sadan photos
37,Core Brand,ISKCON Seva Sadan images
38,Core Brand,ISKCON Seva Sadan directions
39,Core Brand,ISKCON Seva Sadan map
40,Core Brand,ISKCON Seva Sadan Vrindavan map
41,Core Brand,ISKCON Seva Sadan near ISKCON temple
42,Core Brand,ISKCON Seva Sadan near temple
43,Core Brand,ISKCON Seva Sadan for families
44,Core Brand,ISKCON Seva Sadan for pilgrims
45,Core Brand,ISKCON Seva Sadan for devotees
46,Core Brand,ISKCON Seva Sadan family stay
47,Core Brand,ISKCON Seva Sadan peaceful stay
48,Core Brand,ISKCON Seva Sadan comfortable stay
49,ISKCON Guest House,ISKCON guest house Vrindavan
50,ISKCON Guest House,ISKCON guesthouse Vrindavan
51,ISKCON Guest House,ISKCON guest house in Vrindavan
52,ISKCON Guest House,ISKCON guesthouse in Vrindavan
53,ISKCON Guest House,ISKCON guest house near temple
54,ISKCON Guest House,ISKCON guest house near ISKCON Temple Vrindavan
55,ISKCON Guest House,ISKCON guesthouse near ISKCON Temple
56,ISKCON Guest House,ISKCON guest house booking Vrindavan
57,ISKCON Guest House,ISKCON guesthouse booking Vrindavan
58,ISKCON Guest House,ISKCON guest house rooms Vrindavan
59,ISKCON Guest House,ISKCON guesthouse rooms Vrindavan
60,ISKCON Guest House,ISKCON guest house accommodation Vrindavan
61,ISKCON Guest House,ISKCON guesthouse accommodation Vrindavan
62,ISKCON Guest House,ISKCON guest house stay Vrindavan
63,ISKCON Guest House,ISKCON guesthouse stay Vrindavan
64,ISKCON Guest House,ISKCON guest house room booking
65,ISKCON Guest House,ISKCON guesthouse room booking
66,ISKCON Guest House,ISKCON guest house online booking Vrindavan
67,ISKCON Guest House,ISKCON guesthouse online booking
68,ISKCON Guest House,ISKCON guest house price Vrindavan
69,ISKCON Guest House,ISKCON guesthouse price Vrindavan
70,ISKCON Guest House,ISKCON guest house rates Vrindavan
71,ISKCON Guest House,ISKCON guesthouse rates Vrindavan
72,ISKCON Guest House,ISKCON guest house tariff Vrindavan
73,ISKCON Guest House,ISKCON guesthouse tariff Vrindavan
74,ISKCON Guest House,ISKCON guest house contact Vrindavan
75,ISKCON Guest House,ISKCON guesthouse contact Vrindavan
76,ISKCON Guest House,ISKCON guest house location Vrindavan
77,ISKCON Guest House,ISKCON guesthouse location Vrindavan
78,ISKCON Guest House,ISKCON guest house near Krishna Balaram Mandir
79,ISKCON Guest House,ISKCON guesthouse near Krishna Balaram Mandir
80,ISKCON Guest House,ISKCON guest house for pilgrims
81,ISKCON Guest House,ISKCON guesthouse for pilgrims
82,ISKCON Guest House,ISKCON guest house for families
83,ISKCON Guest House,ISKCON guesthouse for families
84,ISKCON Guest House,ISKCON guest house for devotees
85,ISKCON Guest House,ISKCON guesthouse for devotees
86,ISKCON Guest House,ISKCON guest house peaceful stay
87,ISKCON Guest House,ISKCON guesthouse peaceful stay
88,ISKCON Guest House,ISKCON guest house near Vrindavan temple
89,ISKCON Guest House,ISKCON guesthouse near Vrindavan temple
90,ISKCON Guest House,ISKCON guest house accommodation near ISKCON temple
91,ISKCON Guest House,ISKCON guesthouse accommodation near ISKCON temple
92,ISKCON Guest House,ISKCON guest house with AC
93,ISKCON Guest House,ISKCON guesthouse with AC
94,ISKCON Guest House,ISKCON guest house with WiFi
95,ISKCON Guest House,ISKCON guesthouse with WiFi
96,ISKCON Guest House,ISKCON guest house with hot water
97,ISKCON Guest House,ISKCON guesthouse with hot water
98,ISKCON Guest House,ISKCON guest house family room
99,Near ISKCON Temple,guest house near ISKCON Temple Vrindavan
100,Near ISKCON Temple,guesthouse near ISKCON Temple Vrindavan
101,Near ISKCON Temple,hotel near ISKCON Temple Vrindavan
102,Near ISKCON Temple,hotels near ISKCON Temple Vrindavan
103,Near ISKCON Temple,room near ISKCON Temple Vrindavan
104,Near ISKCON Temple,rooms near ISKCON Temple Vrindavan
105,Near ISKCON Temple,stay near ISKCON Temple Vrindavan
106,Near ISKCON Temple,places to stay near ISKCON Temple Vrindavan
107,Near ISKCON Temple,accommodation near ISKCON Temple Vrindavan
108,Near ISKCON Temple,lodging near ISKCON Temple Vrindavan
109,Near ISKCON Temple,budget stay near ISKCON Temple Vrindavan
110,Near ISKCON Temple,budget hotel near ISKCON Temple Vrindavan
111,Near ISKCON Temple,budget guest house near ISKCON Temple Vrindavan
112,Near ISKCON Temple,family stay near ISKCON Temple Vrindavan
113,Near ISKCON Temple,family hotel near ISKCON Temple Vrindavan
114,Near ISKCON Temple,family guest house near ISKCON Temple Vrindavan
115,Near ISKCON Temple,best area to stay near ISKCON Temple Vrindavan
116,Near ISKCON Temple,where to stay near ISKCON Temple Vrindavan
117,Near ISKCON Temple,stay close to ISKCON Temple Vrindavan
118,Near ISKCON Temple,accommodation close to ISKCON Temple Vrindavan
119,Near ISKCON Temple,room close to ISKCON Temple Vrindavan
120,Near ISKCON Temple,guest house close to ISKCON Temple Vrindavan
121,Near ISKCON Temple,hotel close to ISKCON Temple Vrindavan
122,Near ISKCON Temple,hotel walking distance from ISKCON Temple
123,Near ISKCON Temple,guest house walking distance from ISKCON Temple
124,Near ISKCON Temple,room walking distance from ISKCON Temple
125,Near ISKCON Temple,stay walking distance from ISKCON Temple
126,Near ISKCON Temple,accommodation walking distance from ISKCON Temple
127,Near ISKCON Temple,places to stay walking distance from ISKCON Temple
128,Near ISKCON Temple,rooms near Krishna Balaram Mandir Vrindavan
129,Near ISKCON Temple,guest house near Krishna Balaram Mandir Vrindavan
130,Near ISKCON Temple,hotel near Krishna Balaram Mandir Vrindavan
131,Near ISKCON Temple,stay near Krishna Balaram Mandir Vrindavan
132,Near ISKCON Temple,accommodation near Krishna Balaram Mandir Vrindavan
133,Near ISKCON Temple,guesthouse near Krishna Balaram Mandir
134,Near ISKCON Temple,hotel near ISKCON Vrindavan
135,Near ISKCON Temple,rooms near ISKCON Vrindavan
136,Near ISKCON Temple,stay near ISKCON Vrindavan
137,Near ISKCON Temple,accommodation near ISKCON Vrindavan
138,Near ISKCON Temple,guest house close to ISKCON Vrindavan
139,Near ISKCON Temple,hotel close to ISKCON Vrindavan
140,Near ISKCON Temple,guest house beside ISKCON Temple Vrindavan
141,Near ISKCON Temple,hotel beside ISKCON Temple Vrindavan
142,Near ISKCON Temple,rooms beside ISKCON Temple Vrindavan
143,Near ISKCON Temple,stay beside ISKCON Temple Vrindavan
144,Near ISKCON Temple,accommodation beside ISKCON Temple Vrindavan
145,Near ISKCON Temple,lodging near ISKCON Vrindavan temple
146,Near ISKCON Temple,guest accommodation near ISKCON Vrindavan
147,Vrindavan Accommodation,Vrindavan guest house
148,Vrindavan Accommodation,guest house in Vrindavan
149,Vrindavan Accommodation,guesthouse in Vrindavan
150,Vrindavan Accommodation,Vrindavan guesthouse
151,Vrindavan Accommodation,Vrindavan hotel
152,Vrindavan Accommodation,hotels in Vrindavan
153,Vrindavan Accommodation,rooms in Vrindavan
154,Vrindavan Accommodation,room booking Vrindavan
155,Vrindavan Accommodation,hotel booking Vrindavan
156,Vrindavan Accommodation,Vrindavan accommodation
157,Vrindavan Accommodation,accommodation in Vrindavan
158,Vrindavan Accommodation,stay in Vrindavan
159,Vrindavan Accommodation,places to stay in Vrindavan
160,Vrindavan Accommodation,where to stay in Vrindavan
161,Vrindavan Accommodation,best places to stay in Vrindavan
162,Vrindavan Accommodation,Vrindavan lodging
163,Vrindavan Accommodation,lodging in Vrindavan
164,Vrindavan Accommodation,Vrindavan rooms booking
165,Vrindavan Accommodation,Vrindavan hotel booking
166,Vrindavan Accommodation,Vrindavan guest house booking
167,Vrindavan Accommodation,Vrindavan guesthouse booking
168,Vrindavan Accommodation,Vrindavan stay booking
169,Vrindavan Accommodation,Vrindavan accommodation booking
170,Vrindavan Accommodation,Vrindavan online hotel booking
171,Vrindavan Accommodation,Vrindavan online room booking
172,Vrindavan Accommodation,Vrindavan hotel reservation
173,Vrindavan Accommodation,Vrindavan guest house reservation
174,Vrindavan Accommodation,Vrindavan room reservation
175,Vrindavan Accommodation,Vrindavan stay reservation
176,Vrindavan Accommodation,Vrindavan accommodation near temple
177,Vrindavan Accommodation,guest house near Vrindavan temples
178,Vrindavan Accommodation,hotel near Vrindavan temples
179,Vrindavan Accommodation,rooms near Vrindavan temples
180,Vrindavan Accommodation,stay near temples in Vrindavan
181,Vrindavan Accommodation,budget accommodation Vrindavan
182,Vrindavan Accommodation,budget stay Vrindavan
183,Vrindavan Accommodation,budget hotel Vrindavan
184,Vrindavan Accommodation,budget guest house Vrindavan
185,Vrindavan Accommodation,cheap rooms in Vrindavan
186,Vrindavan Accommodation,affordable stay Vrindavan
187,Vrindavan Accommodation,affordable rooms Vrindavan
188,Vrindavan Accommodation,affordable hotel Vrindavan
189,Vrindavan Accommodation,comfortable stay Vrindavan
190,Vrindavan Accommodation,peaceful stay Vrindavan
191,Vrindavan Accommodation,clean rooms Vrindavan
192,Vrindavan Accommodation,family accommodation Vrindavan
193,Vrindavan Accommodation,family stay Vrindavan
194,Vrindavan Accommodation,family hotel Vrindavan
195,Vrindavan Accommodation,family guest house Vrindavan
196,Vrindavan Accommodation,pilgrim accommodation Vrindavan
197,Room Types,deluxe room Vrindavan
198,Room Types,deluxe rooms Vrindavan
199,Room Types,deluxe room near ISKCON Temple Vrindavan
200,Room Types,deluxe rooms near ISKCON Temple
201,Room Types,deluxe room ISKCON Seva Sadan
202,Room Types,ISKCON Seva Sadan deluxe room
203,Room Types,deluxe room booking Vrindavan
204,Room Types,deluxe room price Vrindavan
205,Room Types,deluxe room tariff Vrindavan
206,Room Types,deluxe accommodation Vrindavan
207,Room Types,superior room Vrindavan
208,Room Types,superior rooms Vrindavan
209,Room Types,superior room near ISKCON Temple Vrindavan
210,Room Types,superior rooms near ISKCON Temple
211,Room Types,superior room ISKCON Seva Sadan
212,Room Types,ISKCON Seva Sadan superior room
213,Room Types,superior room booking Vrindavan
214,Room Types,superior room price Vrindavan
215,Room Types,superior room tariff Vrindavan
216,Room Types,superior accommodation Vrindavan
217,Room Types,family room Vrindavan
218,Room Types,family rooms Vrindavan
219,Room Types,family room near ISKCON Temple Vrindavan
220,Room Types,family rooms near ISKCON Temple
221,Room Types,family room ISKCON Seva Sadan
222,Room Types,ISKCON Seva Sadan family room
223,Room Types,family room booking Vrindavan
224,Room Types,family room price Vrindavan
225,Room Types,family room tariff Vrindavan
226,Room Types,family suite Vrindavan
227,Room Types,family suite near ISKCON Temple
228,Room Types,family suite ISKCON Seva Sadan
229,Room Types,suite room Vrindavan
230,Room Types,suite room near ISKCON Temple Vrindavan
231,Room Types,suite room booking Vrindavan
232,Room Types,suite room price Vrindavan
233,Room Types,suite accommodation Vrindavan
234,Room Types,best room for family in Vrindavan
235,Room Types,large family room Vrindavan
236,Room Types,spacious room Vrindavan
237,Room Types,comfortable family room Vrindavan
238,Room Types,room for four in Vrindavan
239,Room Types,room for family of four Vrindavan
240,Room Types,room for family of five Vrindavan
241,Room Types,room for pilgrims Vrindavan
242,Room Types,double room Vrindavan
243,Room Types,couple room Vrindavan
244,Room Types,standard room Vrindavan
245,Booking Intent,book room in Vrindavan
246,Booking Intent,book a room in Vrindavan
247,Booking Intent,book hotel in Vrindavan
248,Booking Intent,book guest house in Vrindavan
249,Booking Intent,book accommodation in Vrindavan
250,Booking Intent,book stay in Vrindavan
251,Booking Intent,online room booking Vrindavan
252,Booking Intent,online hotel booking Vrindavan
253,Booking Intent,online guest house booking Vrindavan
254,Booking Intent,online accommodation booking Vrindavan
255,Booking Intent,Vrindavan room availability
256,Booking Intent,Vrindavan hotel availability
257,Booking Intent,Vrindavan guest house availability
258,Booking Intent,same day hotel booking Vrindavan
259,Booking Intent,same day room booking Vrindavan
260,Booking Intent,last minute hotel Vrindavan
261,Booking Intent,last minute room Vrindavan
262,Booking Intent,last minute guest house Vrindavan
263,Booking Intent,book room near ISKCON Temple
264,Booking Intent,book hotel near ISKCON Temple
265,Booking Intent,book guest house near ISKCON Temple
266,Booking Intent,book stay near ISKCON Temple
267,Booking Intent,online booking near ISKCON Temple Vrindavan
268,Booking Intent,room booking near ISKCON Temple Vrindavan
269,Booking Intent,hotel booking near ISKCON Temple Vrindavan
270,Booking Intent,guest house booking near ISKCON Temple
271,Booking Intent,ISKCON Seva Sadan online room booking
272,Booking Intent,ISKCON Seva Sadan booking online
273,Booking Intent,ISKCON Seva Sadan reserve room
274,Booking Intent,reserve room near ISKCON Temple Vrindavan
275,Booking Intent,reserve hotel Vrindavan
276,Booking Intent,reserve guest house Vrindavan
277,Booking Intent,Vrindavan accommodation reservation
278,Booking Intent,Vrindavan room reservation online
279,Booking Intent,Vrindavan hotel reservation online
280,Booking Intent,Vrindavan guest house reservation online
281,Booking Intent,check room availability Vrindavan
282,Booking Intent,check hotel availability Vrindavan
283,Booking Intent,check guest house availability Vrindavan
284,Booking Intent,book AC room Vrindavan
285,Booking Intent,book family room Vrindavan
286,Booking Intent,book deluxe room Vrindavan
287,Booking Intent,book superior room Vrindavan
288,Booking Intent,book suite room Vrindavan
289,Booking Intent,book pilgrim room Vrindavan
290,Booking Intent,book room for family Vrindavan
291,Booking Intent,book stay for pilgrimage Vrindavan
292,Booking Intent,book accommodation for temple visit Vrindavan
293,Booking Intent,Vrindavan booking direct
294,Booking Intent,direct hotel booking Vrindavan
295,Family,family stay in Vrindavan
296,Family,family hotel in Vrindavan
297,Family,family guest house in Vrindavan
298,Family,family accommodation in Vrindavan
299,Family,family rooms in Vrindavan
300,Family,family friendly hotel Vrindavan
301,Family,family friendly guest house Vrindavan
302,Family,family friendly accommodation Vrindavan
303,Family,family stay near ISKCON Temple
304,Family,family guest house near ISKCON Temple
305,Family,family room near ISKCON Temple
306,Family,family suite near ISKCON Temple Vrindavan
307,Family,Vrindavan family room booking
308,Family,Vrindavan family hotel booking
309,Family,Vrindavan family guest house booking
310,Family,family accommodation near temples Vrindavan
311,Family,family stay near temples Vrindavan
312,Family,family rooms near temples Vrindavan
313,Family,family holiday stay Vrindavan
314,Family,family pilgrimage stay Vrindavan
315,Family,family trip accommodation Vrindavan
316,Family,family vacation stay Vrindavan
317,Family,best family stay Vrindavan
318,Family,comfortable family stay Vrindavan
319,Family,peaceful family stay Vrindavan
320,Family,safe family stay Vrindavan
321,Family,clean family rooms Vrindavan
322,Family,spacious family room Vrindavan
323,Family,family room with AC Vrindavan
324,Family,family room with WiFi Vrindavan
325,Family,family room with hot water Vrindavan
326,Family,affordable family stay Vrindavan
327,Family,budget family hotel Vrindavan
328,Family,budget family guest house Vrindavan
329,Family,family hotel near ISKCON Temple
330,Family,family guesthouse near ISKCON Temple
331,Family,family accommodation near Krishna Balaram Mandir
332,Family,family stay near Krishna Balaram Mandir
333,Family,family hotel near Prem Mandir Vrindavan
334,Family,family guest house near Prem Mandir
335,Family,family stay near Banke Bihari Temple
336,Family,family hotel near Banke Bihari Temple
337,Family,family accommodation in spiritual Vrindavan
338,Family,family lodging Vrindavan
339,Family,family lodging near ISKCON Temple
340,Family,family room booking near ISKCON Temple
341,Family,family stay for Vrindavan pilgrimage
342,Family,family hotel for Vrindavan pilgrimage
343,Family,family guest house for Vrindavan pilgrimage
344,Pilgrimage,pilgrimage stay Vrindavan
345,Pilgrimage,Vrindavan pilgrimage accommodation
346,Pilgrimage,pilgrim stay Vrindavan
347,Pilgrimage,pilgrim guest house Vrindavan
348,Pilgrimage,pilgrim hotel Vrindavan
349,Pilgrimage,pilgrim rooms Vrindavan
350,Pilgrimage,pilgrimage hotel Vrindavan
351,Pilgrimage,pilgrimage guest house Vrindavan
352,Pilgrimage,spiritual stay Vrindavan
353,Pilgrimage,spiritual accommodation Vrindavan
354,Pilgrimage,spiritual guest house Vrindavan
355,Pilgrimage,devotee accommodation Vrindavan
356,Pilgrimage,devotee guest house Vrindavan
357,Pilgrimage,devotee stay Vrindavan
358,Pilgrimage,devotee rooms Vrindavan
359,Pilgrimage,ISKCON devotee accommodation Vrindavan
360,Pilgrimage,ISKCON pilgrim accommodation Vrindavan
361,Pilgrimage,stay for ISKCON devotees Vrindavan
362,Pilgrimage,stay for pilgrims near ISKCON Temple
363,Pilgrimage,rooms for pilgrims Vrindavan
364,Pilgrimage,guest house for pilgrims near ISKCON Temple
365,Pilgrimage,hotel for pilgrims Vrindavan
366,Pilgrimage,affordable pilgrim accommodation Vrindavan
367,Pilgrimage,budget pilgrim stay Vrindavan
368,Pilgrimage,peaceful pilgrim stay Vrindavan
369,Pilgrimage,comfortable pilgrim rooms Vrindavan
370,Pilgrimage,pilgrimage accommodation near ISKCON Temple
371,Pilgrimage,pilgrimage stay near ISKCON Temple
372,Pilgrimage,spiritual stay near ISKCON Temple Vrindavan
373,Pilgrimage,Vrindavan temple pilgrimage stay
374,Pilgrimage,Vrindavan temple accommodation
375,Pilgrimage,Vrindavan temple stay
376,Pilgrimage,stay for temple visit Vrindavan
377,Pilgrimage,room for temple visit Vrindavan
378,Pilgrimage,guest house for temple visit Vrindavan
379,Pilgrimage,hotel for temple visit Vrindavan
380,Pilgrimage,Vrindavan religious tourism accommodation
381,Pilgrimage,religious tourism stay Vrindavan
382,Pilgrimage,spiritual tourism Vrindavan accommodation
383,Pilgrimage,Vrindavan yatra accommodation
384,Pilgrimage,Vrindavan yatra stay
385,Pilgrimage,Vrindavan dham accommodation
386,Pilgrimage,Vrindavan dham guest house
387,Pilgrimage,Vrindavan dham stay
388,Pilgrimage,Vrindavan dham rooms
389,Pilgrimage,Krishna devotee stay Vrindavan
390,Pilgrimage,Radha Krishna pilgrimage stay Vrindavan
391,Pilgrimage,holy city stay Vrindavan
392,Pilgrimage,peaceful spiritual stay Vrindavan
393,Pilgrimage,pilgrim friendly accommodation Vrindavan
394,Amenities,AC rooms Vrindavan
395,Amenities,AC room near ISKCON Temple Vrindavan
396,Amenities,air conditioned room Vrindavan
397,Amenities,air conditioning hotel Vrindavan
398,Amenities,WiFi hotel Vrindavan
399,Amenities,free WiFi rooms Vrindavan
400,Amenities,WiFi guest house Vrindavan
401,Amenities,hot water hotel Vrindavan
402,Amenities,hot water guest house Vrindavan
403,Amenities,24 hour hot water Vrindavan
404,Amenities,clean hotel room Vrindavan
405,Amenities,clean guest house Vrindavan
406,Amenities,well maintained rooms Vrindavan
407,Amenities,comfortable rooms Vrindavan
408,Amenities,comfortable hotel Vrindavan
409,Amenities,comfortable guest house Vrindavan
410,Amenities,peaceful rooms Vrindavan
411,Amenities,peaceful hotel Vrindavan
412,Amenities,peaceful guest house Vrindavan
413,Amenities,family friendly amenities Vrindavan
414,Amenities,guest house with WiFi near ISKCON Temple
415,Amenities,guest house with AC near ISKCON Temple
416,Amenities,guest house with hot water near ISKCON Temple
417,Amenities,hotel with WiFi near ISKCON Temple
418,Amenities,hotel with AC near ISKCON Temple
419,Amenities,hotel with hot water near ISKCON Temple
420,Amenities,rooms with WiFi near ISKCON Temple
421,Amenities,rooms with AC near ISKCON Temple
422,Amenities,rooms with hot water near ISKCON Temple
423,Amenities,AC accommodation Vrindavan
424,Amenities,WiFi accommodation Vrindavan
425,Amenities,hot water accommodation Vrindavan
426,Amenities,modern rooms Vrindavan
427,Amenities,well furnished rooms Vrindavan
428,Amenities,comfortable accommodation near ISKCON Temple
429,Amenities,clean accommodation near ISKCON Temple
430,Amenities,peaceful accommodation near ISKCON Temple
431,Amenities,amenities at ISKCON Seva Sadan
432,Amenities,ISKCON Seva Sadan AC rooms
433,Amenities,ISKCON Seva Sadan WiFi
434,Amenities,ISKCON Seva Sadan hot water
435,Amenities,ISKCON Seva Sadan clean rooms
436,Amenities,ISKCON Seva Sadan comfortable rooms
437,Amenities,ISKCON Seva Sadan family friendly
438,Amenities,Vrindavan rooms with AC and WiFi
439,Amenities,Vrindavan stay with hot water
440,Amenities,Vrindavan accommodation with WiFi
441,Amenities,Vrindavan accommodation with AC
442,Amenities,Vrindavan rooms with modern amenities
443,Temple & Attractions,ISKCON Temple Vrindavan stay
444,Temple & Attractions,ISKCON Temple Vrindavan accommodation
445,Temple & Attractions,ISKCON Temple Vrindavan hotels
446,Temple & Attractions,ISKCON Temple Vrindavan guest house
447,Temple & Attractions,ISKCON Temple Vrindavan rooms
448,Temple & Attractions,Prem Mandir Vrindavan stay
449,Temple & Attractions,Prem Mandir Vrindavan accommodation
450,Temple & Attractions,Prem Mandir Vrindavan hotels
451,Temple & Attractions,Prem Mandir Vrindavan guest house
452,Temple & Attractions,Prem Mandir Vrindavan rooms
453,Temple & Attractions,hotel near Prem Mandir Vrindavan
454,Temple & Attractions,guest house near Prem Mandir Vrindavan
455,Temple & Attractions,rooms near Prem Mandir Vrindavan
456,Temple & Attractions,stay near Prem Mandir Vrindavan
457,Temple & Attractions,accommodation near Prem Mandir Vrindavan
458,Temple & Attractions,Banke Bihari Temple stay
459,Temple & Attractions,Banke Bihari Temple accommodation
460,Temple & Attractions,Banke Bihari Temple hotel
461,Temple & Attractions,Banke Bihari Temple guest house
462,Temple & Attractions,Banke Bihari Temple rooms
463,Temple & Attractions,hotel near Banke Bihari Temple Vrindavan
464,Temple & Attractions,guest house near Banke Bihari Temple Vrindavan
465,Temple & Attractions,rooms near Banke Bihari Temple Vrindavan
466,Temple & Attractions,stay near Banke Bihari Temple Vrindavan
467,Temple & Attractions,Radha Raman Temple stay Vrindavan
468,Temple & Attractions,hotel near Radha Raman Temple Vrindavan
469,Temple & Attractions,guest house near Radha Raman Temple
470,Temple & Attractions,rooms near Radha Raman Temple Vrindavan
471,Temple & Attractions,Nidhivan stay Vrindavan
472,Temple & Attractions,hotel near Nidhivan Vrindavan
473,Temple & Attractions,guest house near Nidhivan
474,Temple & Attractions,rooms near Nidhivan Vrindavan
475,Temple & Attractions,Vrindavan Parikrama stay
476,Temple & Attractions,hotel near Vrindavan Parikrama
477,Temple & Attractions,guest house near Vrindavan Parikrama
478,Temple & Attractions,rooms near Vrindavan Parikrama
479,Temple & Attractions,Krishna Balaram Mandir stay
480,Temple & Attractions,hotel near Krishna Balaram Mandir
481,Temple & Attractions,guest house near Krishna Balaram Mandir
482,Temple & Attractions,rooms near Krishna Balaram Mandir
483,Temple & Attractions,Madan Mohan Temple stay Vrindavan
484,Temple & Attractions,Katyayani Peeth stay Vrindavan
485,Temple & Attractions,Seva Kunj stay Vrindavan
486,Temple & Attractions,Rangji Temple stay Vrindavan
487,Temple & Attractions,Shri Ranganath Temple stay Vrindavan
488,Temple & Attractions,best place to stay for Vrindavan temples
489,Temple & Attractions,stay near Vrindavan temples
490,Temple & Attractions,hotel close to Vrindavan temples
491,Temple & Attractions,guest house close to Vrindavan temples
492,Temple & Attractions,rooms close to Vrindavan temples
493,Long Tail Location,guest house in Madhuvan Colony Vrindavan
494,Long Tail Location,guesthouse in Madhuvan Colony Vrindavan
495,Long Tail Location,hotel in Madhuvan Colony Vrindavan
496,Long Tail Location,rooms in Madhuvan Colony Vrindavan
497,Long Tail Location,stay in Madhuvan Colony Vrindavan
498,Long Tail Location,accommodation in Madhuvan Colony Vrindavan
499,Long Tail Location,guest house near Madhuvan Colony Vrindavan
500,Long Tail Location,hotel near Madhuvan Colony Vrindavan
501,Long Tail Location,rooms near Madhuvan Colony Vrindavan
502,Long Tail Location,stay near Madhuvan Colony Vrindavan
503,Long Tail Location,guest house near ISKCON road Vrindavan
504,Long Tail Location,hotel near ISKCON road Vrindavan
505,Long Tail Location,rooms near ISKCON road Vrindavan
506,Long Tail Location,stay near ISKCON road Vrindavan
507,Long Tail Location,guest house in Vrindavan near temples
508,Long Tail Location,hotel in Vrindavan near temples
509,Long Tail Location,rooms in Vrindavan near temples
510,Long Tail Location,stay in Vrindavan near temples
511,Long Tail Location,accommodation in Vrindavan near temples
512,Long Tail Location,guest house close to temple Vrindavan
513,Long Tail Location,hotel close to temple Vrindavan
514,Long Tail Location,room close to temple Vrindavan
515,Long Tail Location,stay close to temple Vrindavan
516,Long Tail Location,accommodation close to temple Vrindavan
517,Long Tail Location,Vrindavan guest house near city center
518,Long Tail Location,Vrindavan hotel near city center
519,Long Tail Location,Vrindavan rooms near city center
520,Long Tail Location,Vrindavan accommodation near city center
521,Long Tail Location,guest house near Mathura road Vrindavan
522,Long Tail Location,hotel near Mathura road Vrindavan
523,Long Tail Location,rooms near Mathura road Vrindavan
524,Long Tail Location,stay near Mathura road Vrindavan
525,Long Tail Location,guest house near transport Vrindavan
526,Long Tail Location,hotel near transport Vrindavan
527,Long Tail Location,rooms near transport Vrindavan
528,Long Tail Location,stay near transport Vrindavan
529,Long Tail Location,convenient location guest house Vrindavan
530,Long Tail Location,convenient hotel location Vrindavan
531,Long Tail Location,central guest house Vrindavan
532,Long Tail Location,central hotel Vrindavan
533,Long Tail Location,central rooms Vrindavan
534,Long Tail Location,quiet guest house Vrindavan
535,Long Tail Location,quiet hotel Vrindavan
536,Long Tail Location,quiet rooms Vrindavan
537,Long Tail Location,peaceful accommodation in Vrindavan
538,Long Tail Location,peaceful guest house near temple
539,Long Tail Location,peaceful hotel near temple
540,Long Tail Location,quiet stay near ISKCON Temple
541,Long Tail Location,quiet accommodation near ISKCON Temple
542,Audience,couple stay Vrindavan
543,Audience,couples hotel Vrindavan
544,Audience,couples guest house Vrindavan
545,Audience,couple friendly hotel Vrindavan
546,Audience,couple stay near ISKCON Temple
547,Audience,senior citizen stay Vrindavan
548,Audience,senior citizen accommodation Vrindavan
549,Audience,senior friendly hotel Vrindavan
550,Audience,senior friendly guest house Vrindavan
551,Audience,elderly friendly stay Vrindavan
552,Audience,parents stay Vrindavan
553,Audience,accommodation for parents Vrindavan
554,Audience,group stay Vrindavan
555,Audience,group accommodation Vrindavan
556,Audience,group rooms Vrindavan
557,Audience,group hotel Vrindavan
558,Audience,group guest house Vrindavan
559,Audience,friends stay Vrindavan
560,Audience,friends accommodation Vrindavan
561,Audience,student accommodation Vrindavan
562,Audience,student stay Vrindavan
563,Audience,solo traveller stay Vrindavan
564,Audience,solo accommodation Vrindavan
565,Audience,solo traveller guest house Vrindavan
566,Audience,solo travel hotel Vrindavan
567,Audience,devotee family stay Vrindavan
568,Audience,large family accommodation Vrindavan
569,Audience,multi family stay Vrindavan
570,Audience,small group stay Vrindavan
571,Audience,pilgrim group accommodation Vrindavan
572,Audience,temple visitor accommodation Vrindavan
573,Audience,temple visitor stay Vrindavan
574,Audience,traveller accommodation Vrindavan
575,Audience,tourist accommodation Vrindavan
576,Audience,tourist stay Vrindavan
577,Audience,religious tourist hotel Vrindavan
578,Audience,spiritual traveller stay Vrindavan
579,Audience,Vrindavan stay for elderly
580,Audience,Vrindavan accommodation for seniors
581,Audience,Vrindavan accommodation for parents
582,Audience,Vrindavan stay for families
583,Audience,Vrindavan stay for couples
584,Audience,Vrindavan stay for groups
585,Audience,Vrindavan stay for solo travellers
586,Audience,Vrindavan guest house for couples
587,Audience,Vrindavan hotel for couples
588,Audience,Vrindavan room for couples
589,Audience,Vrindavan accommodation for groups
590,Audience,Vrindavan guest house for groups
591,Audience,Vrindavan hotel for groups
592,Informational,where to stay in Vrindavan near ISKCON
593,Informational,best place to stay in Vrindavan
594,Informational,best area to stay in Vrindavan
595,Informational,how to book hotel in Vrindavan
596,Informational,how to book guest house in Vrindavan
597,Informational,how to book room near ISKCON Temple
598,Informational,things to know before staying in Vrindavan
599,Informational,Vrindavan accommodation guide
600,Informational,Vrindavan hotel guide
601,Informational,Vrindavan guest house guide
602,Informational,Vrindavan stay guide
603,Informational,Vrindavan travel guide accommodation
604,Informational,Vrindavan pilgrimage guide
605,Informational,Vrindavan temple guide
606,Informational,Vrindavan travel itinerary
607,Informational,Vrindavan 1 day trip stay
608,Informational,Vrindavan 2 day trip stay
609,Informational,Vrindavan 3 day trip stay
610,Informational,best hotels for temple visit Vrindavan
611,Informational,best guest houses for temple visit Vrindavan
612,Informational,best accommodation for pilgrimage Vrindavan
613,Informational,how many days to stay in Vrindavan
614,Informational,where should I stay for ISKCON Temple Vrindavan
615,Informational,where should families stay in Vrindavan
616,Informational,where should pilgrims stay in Vrindavan
617,Informational,where to stay for Prem Mandir Vrindavan
618,Informational,where to stay for Banke Bihari Temple
619,Informational,where to stay for Vrindavan Parikrama
620,Informational,Vrindavan temple visiting guide
621,Informational,ISKCON Temple visiting guide Vrindavan
622,Informational,Prem Mandir visiting guide Vrindavan
623,Informational,Banke Bihari Temple visiting guide
624,Informational,Vrindavan pilgrimage accommodation guide
625,Informational,Vrindavan hotel booking guide
626,Informational,Vrindavan guest house booking guide
627,Informational,Vrindavan room booking guide
628,Informational,tips for booking stay in Vrindavan
629,Informational,best time to book Vrindavan hotel
630,Informational,best time to visit Vrindavan and stay
631,Informational,Vrindavan travel accommodation tips
632,Informational,Vrindavan family travel stay guide
633,Informational,Vrindavan pilgrimage stay guide
634,Informational,Vrindavan spiritual travel guide
635,Informational,temples to visit near ISKCON Temple Vrindavan
636,Informational,places to visit near ISKCON Temple Vrindavan
637,Informational,places to stay near major temples Vrindavan
638,Commercial Variants,best guest house near ISKCON Temple Vrindavan
639,Commercial Variants,top guest house near ISKCON Temple Vrindavan
640,Commercial Variants,good guest house near ISKCON Temple Vrindavan
641,Commercial Variants,recommended guest house near ISKCON Temple Vrindavan
642,Commercial Variants,comfortable guest house near ISKCON Temple Vrindavan
643,Commercial Variants,affordable guest house near ISKCON Temple Vrindavan
644,Commercial Variants,peaceful guest house near ISKCON Temple Vrindavan
645,Commercial Variants,clean guest house near ISKCON Temple Vrindavan
646,Commercial Variants,good hotel near ISKCON Temple Vrindavan
647,Commercial Variants,comfortable hotel near ISKCON Temple Vrindavan
648,Commercial Variants,affordable hotel near ISKCON Temple Vrindavan
649,Commercial Variants,peaceful hotel near ISKCON Temple Vrindavan
650,Commercial Variants,clean hotel near ISKCON Temple Vrindavan
651,Commercial Variants,best accommodation near ISKCON Temple Vrindavan
652,Commercial Variants,affordable accommodation near ISKCON Temple Vrindavan
653,Commercial Variants,comfortable accommodation near ISKCON Temple Vrindavan
654,Commercial Variants,peaceful accommodation near ISKCON Temple Vrindavan
655,Commercial Variants,clean accommodation near ISKCON Temple Vrindavan
656,Commercial Variants,best stay near ISKCON Temple Vrindavan
657,Commercial Variants,affordable stay near ISKCON Temple Vrindavan
658,Commercial Variants,comfortable stay near ISKCON Temple Vrindavan
659,Commercial Variants,peaceful stay near ISKCON Temple Vrindavan
660,Commercial Variants,clean stay near ISKCON Temple Vrindavan
661,Commercial Variants,best rooms near ISKCON Temple Vrindavan
662,Commercial Variants,affordable rooms near ISKCON Temple Vrindavan
663,Commercial Variants,comfortable rooms near ISKCON Temple Vrindavan
664,Commercial Variants,peaceful rooms near ISKCON Temple Vrindavan
665,Commercial Variants,clean rooms near ISKCON Temple Vrindavan
666,Commercial Variants,best budget stay Vrindavan
667,Commercial Variants,best peaceful stay Vrindavan
668,Commercial Variants,best pilgrim stay Vrindavan
669,Commercial Variants,best temple stay Vrindavan
670,Commercial Variants,best guesthouse Vrindavan near temple
671,Commercial Variants,best hotel Vrindavan near temple
672,Commercial Variants,best rooms Vrindavan near temple
673,Commercial Variants,best accommodation Vrindavan near temple
674,Commercial Variants,affordable temple stay Vrindavan
675,Commercial Variants,comfortable temple stay Vrindavan
676,Commercial Variants,peaceful temple stay Vrindavan
677,Commercial Variants,clean temple stay Vrindavan
678,Commercial Variants,best accommodation for devotees Vrindavan
679,Commercial Variants,best accommodation for families Vrindavan
680,Commercial Variants,best accommodation for pilgrims Vrindavan
681,Commercial Variants,best rooms for pilgrims Vrindavan
682,Commercial Variants,best family rooms Vrindavan
683,Commercial Variants,best rooms near ISKCON Temple
684,Search Modifiers,near me guest house Vrindavan
685,Search Modifiers,guest house near me Vrindavan
686,Search Modifiers,hotel near me Vrindavan
687,Search Modifiers,rooms near me Vrindavan
688,Search Modifiers,stay near me Vrindavan
689,Search Modifiers,accommodation near me Vrindavan
690,Search Modifiers,ISKCON guest house near me
691,Search Modifiers,ISKCON hotel near me Vrindavan
692,Search Modifiers,ISKCON rooms near me Vrindavan
693,Search Modifiers,ISKCON stay near me Vrindavan
694,Search Modifiers,book hotel online Vrindavan
695,Search Modifiers,book room online Vrindavan
696,Search Modifiers,book guesthouse online Vrindavan
697,Search Modifiers,book stay online Vrindavan
698,Search Modifiers,reserve room online Vrindavan
699,Search Modifiers,reserve hotel online Vrindavan
700,Search Modifiers,reserve guest house online Vrindavan
701,Search Modifiers,check prices hotel Vrindavan
702,Search Modifiers,check room prices Vrindavan
703,Search Modifiers,check guest house prices Vrindavan
704,Search Modifiers,Vrindavan hotel deals
705,Search Modifiers,Vrindavan guest house deals
706,Search Modifiers,Vrindavan room deals
707,Search Modifiers,Vrindavan accommodation deals
708,Search Modifiers,Vrindavan hotel offers
709,Search Modifiers,Vrindavan room offers
710,Search Modifiers,Vrindavan guest house offers
711,Search Modifiers,Vrindavan stay offers
712,Search Modifiers,direct booking guest house Vrindavan
713,Search Modifiers,direct booking hotel Vrindavan
714,Search Modifiers,direct room booking Vrindavan
715,Search Modifiers,official booking ISKCON Seva Sadan
716,Search Modifiers,official website ISKCON Seva Sadan
717,Search Modifiers,ISKCON Seva Sadan official booking
718,Search Modifiers,ISKCON Seva Sadan official website
719,Search Modifiers,ISKCON Seva Sadan phone number
720,Search Modifiers,ISKCON Seva Sadan WhatsApp booking
721,Search Modifiers,ISKCON Seva Sadan enquiry
722,Search Modifiers,ISKCON Seva Sadan inquiry
723,Search Modifiers,ISKCON Seva Sadan directions from temple
724,Search Modifiers,ISKCON Seva Sadan nearby places
725,Search Modifiers,ISKCON Seva Sadan nearby temples
726,Search Modifiers,ISKCON Seva Sadan nearby attractions
727,Search Modifiers,ISKCON Seva Sadan room availability
728,Search Modifiers,ISKCON Seva Sadan booking enquiry
729,Search Modifiers,ISKCON Seva Sadan accommodation booking
730,Search Modifiers,ISKCON Seva Sadan stay booking
731,Search Modifiers,ISKCON Seva Sadan hotel booking
732,Search Modifiers,ISKCON Seva Sadan guest house booking
733,Seasonal / Occasion,Vrindavan hotel for Janmashtami
734,Seasonal / Occasion,Vrindavan guest house for Janmashtami
735,Seasonal / Occasion,ISKCON Seva Sadan Janmashtami booking
736,Seasonal / Occasion,Vrindavan accommodation for Janmashtami
737,Seasonal / Occasion,Vrindavan stay during Janmashtami
738,Seasonal / Occasion,Vrindavan hotel for Holi
739,Seasonal / Occasion,Vrindavan guest house for Holi
740,Seasonal / Occasion,Vrindavan accommodation for Holi
741,Seasonal / Occasion,Vrindavan stay during Holi
742,Seasonal / Occasion,ISKCON Seva Sadan Holi booking
743,Seasonal / Occasion,Vrindavan hotel for Radhashtami
744,Seasonal / Occasion,Vrindavan guest house for Radhashtami
745,Seasonal / Occasion,Vrindavan accommodation for Radhashtami
746,Seasonal / Occasion,Vrindavan stay during Radhashtami
747,Seasonal / Occasion,Vrindavan hotel for Diwali
748,Seasonal / Occasion,Vrindavan guest house for Diwali
749,Seasonal / Occasion,Vrindavan accommodation for Diwali
750,Seasonal / Occasion,Vrindavan hotel for Govardhan Puja
751,Seasonal / Occasion,Vrindavan guest house for Govardhan Puja
752,Seasonal / Occasion,Vrindavan stay for Govardhan Puja
753,Seasonal / Occasion,Vrindavan hotel during festival
754,Seasonal / Occasion,Vrindavan guest house during festival
755,Seasonal / Occasion,Vrindavan accommodation during festival
756,Seasonal / Occasion,Vrindavan stay during festival
757,Seasonal / Occasion,Vrindavan hotel for temple festival
758,Seasonal / Occasion,Vrindavan guest house for temple festival
759,Seasonal / Occasion,Vrindavan rooms during festival
760,Seasonal / Occasion,Vrindavan accommodation for festival
761,Seasonal / Occasion,Vrindavan pilgrimage during festival
762,Seasonal / Occasion,ISKCON Seva Sadan festival booking
763,Seasonal / Occasion,ISKCON Seva Sadan Janmashtami stay
764,Seasonal / Occasion,ISKCON Seva Sadan festival stay
765,Seasonal / Occasion,Vrindavan hotel for weekend
766,Seasonal / Occasion,Vrindavan guest house for weekend
767,Seasonal / Occasion,Vrindavan stay for weekend
768,Seasonal / Occasion,Vrindavan rooms for weekend
769,Seasonal / Occasion,weekend hotel Vrindavan
770,Seasonal / Occasion,weekend guest house Vrindavan
771,Seasonal / Occasion,weekend stay Vrindavan
772,Seasonal / Occasion,holiday accommodation Vrindavan
773,Seasonal / Occasion,holiday stay Vrindavan
774,Seasonal / Occasion,holiday hotel Vrindavan
775,Seasonal / Occasion,holiday guest house Vrindavan
776,Seasonal / Occasion,long weekend stay Vrindavan
777,Seasonal / Occasion,festival stay near ISKCON Temple
778,Seasonal / Occasion,festival accommodation near ISKCON Temple
779,Seasonal / Occasion,festival hotel near ISKCON Temple
780,Seasonal / Occasion,festival guest house near ISKCON Temple
781,Seasonal / Occasion,holiday stay near ISKCON Temple Vrindavan
782,Seasonal / Occasion,weekend stay near ISKCON Temple Vrindavan
783,Spelling / Phrase Variants,ISKCON Seva Sadan hotel Vrindavan
784,Spelling / Phrase Variants,ISKCON Seva Sadan guest house Vrindavan
785,Spelling / Phrase Variants,ISKCON Seva Sadan guesthouse Vrindavan
786,Spelling / Phrase Variants,Iskcon hotel Vrindavan
787,Spelling / Phrase Variants,Vrindavan Iskcon guest house
788,Spelling / Phrase Variants,Vrindavan Iskcon guesthouse
789,Spelling / Phrase Variants,Vrindavan Iskcon hotel
790,Spelling / Phrase Variants,Vrindavan Iskcon rooms
791,Spelling / Phrase Variants,Vrindavan Iskcon accommodation
792,Spelling / Phrase Variants,guest house Iskcon Vrindavan
793,Spelling / Phrase Variants,guesthouse Iskcon Vrindavan
794,Spelling / Phrase Variants,hotel Iskcon Vrindavan
795,Spelling / Phrase Variants,room Iskcon Vrindavan
796,Spelling / Phrase Variants,stay Iskcon Vrindavan
797,Spelling / Phrase Variants,accommodation Iskcon Vrindavan
798,Spelling / Phrase Variants,guest house near Iskcon temple
799,Spelling / Phrase Variants,hotel near Iskcon temple
800,Spelling / Phrase Variants,room near Iskcon temple
801,Spelling / Phrase Variants,stay near Iskcon temple
802,Spelling / Phrase Variants,accommodation near Iskcon temple
803,Spelling / Phrase Variants,Iskcon temple guest house Vrindavan
804,Spelling / Phrase Variants,Iskcon temple hotel Vrindavan
805,Spelling / Phrase Variants,Iskcon temple rooms Vrindavan
806,Spelling / Phrase Variants,Iskcon temple accommodation Vrindavan
807,Spelling / Phrase Variants,Iskcon temple stay Vrindavan
808,Spelling / Phrase Variants,Iskcon temple room booking Vrindavan
809,Spelling / Phrase Variants,Iskcon temple hotel booking Vrindavan
810,Spelling / Phrase Variants,Iskcon temple guest house booking Vrindavan
811,Spelling / Phrase Variants,Vrindavan guest house Iskcon temple
812,Spelling / Phrase Variants,Vrindavan hotel Iskcon temple
813,Spelling / Phrase Variants,Vrindavan room Iskcon temple
814,Spelling / Phrase Variants,Vrindavan stay Iskcon temple
815,Spelling / Phrase Variants,Vrindavan accommodation Iskcon temple
816,Spelling / Phrase Variants,ISKCON Sevasadan Vrindavan
817,Spelling / Phrase Variants,ISKCON Seva Sadhan Vrindavan
818,Spelling / Phrase Variants,ISKCON Seva Sadan rooms Vrindavan
819,Spelling / Phrase Variants,ISKCON Seva Sadan accommodation Vrindavan
820,Spelling / Phrase Variants,ISKCON Seva Sadan stay Vrindavan
821,Spelling / Phrase Variants,ISKCON Seva Sadan booking Vrindavan
822,Spelling / Phrase Variants,ISKCON Seva Sadan room booking Vrindavan
823,Generated Long Tail,ISKCON Seva Sadan Vrindavan online booking
824,Generated Long Tail,ISKCON Seva Sadan Vrindavan room booking
825,Generated Long Tail,ISKCON Seva Sadan Vrindavan price
826,Generated Long Tail,ISKCON Seva Sadan Vrindavan rates
827,Generated Long Tail,ISKCON Seva Sadan Vrindavan availability
828,Generated Long Tail,ISKCON Seva Sadan Vrindavan reviews
829,Generated Long Tail,ISKCON Seva Sadan Vrindavan photos
830,Generated Long Tail,ISKCON Seva Sadan Vrindavan amenities
831,Generated Long Tail,ISKCON Seva Sadan Vrindavan for families
832,Generated Long Tail,ISKCON Seva Sadan Vrindavan for pilgrims
833,Generated Long Tail,ISKCON Seva Sadan Vrindavan with AC
834,Generated Long Tail,ISKCON Seva Sadan Vrindavan with WiFi
835,Generated Long Tail,ISKCON Seva Sadan Vrindavan with hot water
836,Generated Long Tail,ISKCON Seva Sadan Vrindavan near temple
837,Generated Long Tail,ISKCON Seva Sadan Vrindavan peaceful stay
838,Generated Long Tail,ISKCON Seva Sadan Vrindavan affordable stay
839,Generated Long Tail,ISKCON Seva Sadan Vrindavan comfortable stay
840,Generated Long Tail,ISKCON Seva Sadan Vrindavan direct booking
841,Generated Long Tail,ISKCON Seva Sadan Vrindavan official booking
842,Generated Long Tail,ISKCON Seva Sadan Vrindavan reservation
843,Generated Long Tail,ISKCON guest house Vrindavan booking
844,Generated Long Tail,ISKCON guest house Vrindavan online booking
845,Generated Long Tail,ISKCON guest house Vrindavan room booking
846,Generated Long Tail,ISKCON guest house Vrindavan price
847,Generated Long Tail,ISKCON guest house Vrindavan rates
848,Generated Long Tail,ISKCON guest house Vrindavan availability
849,Generated Long Tail,ISKCON guest house Vrindavan contact
850,Generated Long Tail,ISKCON guest house Vrindavan location
851,Generated Long Tail,ISKCON guest house Vrindavan address
852,Generated Long Tail,ISKCON guest house Vrindavan reviews
853,Generated Long Tail,ISKCON guest house Vrindavan photos
854,Generated Long Tail,ISKCON guest house Vrindavan amenities
855,Generated Long Tail,ISKCON guest house Vrindavan for families
856,Generated Long Tail,ISKCON guest house Vrindavan for pilgrims
857,Generated Long Tail,ISKCON guest house Vrindavan with AC
858,Generated Long Tail,ISKCON guest house Vrindavan with WiFi
859,Generated Long Tail,ISKCON guest house Vrindavan with hot water
860,Generated Long Tail,ISKCON guest house Vrindavan near temple
861,Generated Long Tail,ISKCON guest house Vrindavan peaceful stay
862,Generated Long Tail,ISKCON guest house Vrindavan affordable stay
863,Generated Long Tail,ISKCON guest house Vrindavan comfortable stay
864,Generated Long Tail,ISKCON guest house Vrindavan direct booking
865,Generated Long Tail,ISKCON guest house Vrindavan official booking
866,Generated Long Tail,ISKCON guest house Vrindavan reservation
867,Generated Long Tail,ISKCON guest house Vrindavan stay
868,Generated Long Tail,ISKCON guest house Vrindavan accommodation
869,Generated Long Tail,ISKCON guest house Vrindavan rooms
870,Generated Long Tail,guest house near ISKCON Temple Vrindavan booking
871,Generated Long Tail,guest house near ISKCON Temple Vrindavan online booking
872,Generated Long Tail,guest house near ISKCON Temple Vrindavan room booking
873,Generated Long Tail,guest house near ISKCON Temple Vrindavan price
874,Generated Long Tail,guest house near ISKCON Temple Vrindavan rates
875,Generated Long Tail,guest house near ISKCON Temple Vrindavan availability
876,Generated Long Tail,guest house near ISKCON Temple Vrindavan contact
877,Generated Long Tail,guest house near ISKCON Temple Vrindavan location
878,Generated Long Tail,guest house near ISKCON Temple Vrindavan address
879,Generated Long Tail,guest house near ISKCON Temple Vrindavan reviews
880,Generated Long Tail,guest house near ISKCON Temple Vrindavan photos
881,Generated Long Tail,guest house near ISKCON Temple Vrindavan amenities
882,Generated Long Tail,guest house near ISKCON Temple Vrindavan for families
883,Generated Long Tail,guest house near ISKCON Temple Vrindavan for pilgrims
884,Generated Long Tail,guest house near ISKCON Temple Vrindavan with AC
885,Generated Long Tail,guest house near ISKCON Temple Vrindavan with WiFi
886,Generated Long Tail,guest house near ISKCON Temple Vrindavan with hot water
887,Generated Long Tail,guest house near ISKCON Temple Vrindavan near temple
888,Generated Long Tail,guest house near ISKCON Temple Vrindavan peaceful stay
889,Generated Long Tail,guest house near ISKCON Temple Vrindavan affordable stay
890,Generated Long Tail,guest house near ISKCON Temple Vrindavan comfortable stay
891,Generated Long Tail,guest house near ISKCON Temple Vrindavan direct booking
892,Generated Long Tail,guest house near ISKCON Temple Vrindavan official booking
893,Generated Long Tail,guest house near ISKCON Temple Vrindavan reservation
894,Generated Long Tail,guest house near ISKCON Temple Vrindavan stay
895,Generated Long Tail,guest house near ISKCON Temple Vrindavan accommodation
896,Generated Long Tail,guest house near ISKCON Temple Vrindavan rooms
897,Generated Long Tail,hotel near ISKCON Temple Vrindavan booking
898,Generated Long Tail,hotel near ISKCON Temple Vrindavan online booking
899,Generated Long Tail,hotel near ISKCON Temple Vrindavan room booking
900,Generated Long Tail,hotel near ISKCON Temple Vrindavan price
901,Generated Long Tail,hotel near ISKCON Temple Vrindavan rates
902,Generated Long Tail,hotel near ISKCON Temple Vrindavan availability
903,Generated Long Tail,hotel near ISKCON Temple Vrindavan contact
904,Generated Long Tail,hotel near ISKCON Temple Vrindavan location
905,Generated Long Tail,hotel near ISKCON Temple Vrindavan address
906,Generated Long Tail,hotel near ISKCON Temple Vrindavan reviews
907,Generated Long Tail,hotel near ISKCON Temple Vrindavan photos
908,Generated Long Tail,hotel near ISKCON Temple Vrindavan amenities
909,Generated Long Tail,hotel near ISKCON Temple Vrindavan for families
910,Generated Long Tail,hotel near ISKCON Temple Vrindavan for pilgrims
911,Generated Long Tail,hotel near ISKCON Temple Vrindavan with AC
912,Generated Long Tail,hotel near ISKCON Temple Vrindavan with WiFi
913,Generated Long Tail,hotel near ISKCON Temple Vrindavan with hot water
914,Generated Long Tail,hotel near ISKCON Temple Vrindavan near temple
915,Generated Long Tail,hotel near ISKCON Temple Vrindavan peaceful stay
916,Generated Long Tail,hotel near ISKCON Temple Vrindavan affordable stay
917,Generated Long Tail,hotel near ISKCON Temple Vrindavan comfortable stay
918,Generated Long Tail,hotel near ISKCON Temple Vrindavan direct booking
919,Generated Long Tail,hotel near ISKCON Temple Vrindavan official booking
920,Generated Long Tail,hotel near ISKCON Temple Vrindavan reservation
921,Generated Long Tail,hotel near ISKCON Temple Vrindavan stay
922,Generated Long Tail,hotel near ISKCON Temple Vrindavan accommodation
923,Generated Long Tail,hotel near ISKCON Temple Vrindavan rooms
924,Generated Long Tail,rooms near ISKCON Temple Vrindavan booking
925,Generated Long Tail,rooms near ISKCON Temple Vrindavan online booking
926,Generated Long Tail,rooms near ISKCON Temple Vrindavan room booking
927,Generated Long Tail,rooms near ISKCON Temple Vrindavan price
928,Generated Long Tail,rooms near ISKCON Temple Vrindavan rates
929,Generated Long Tail,rooms near ISKCON Temple Vrindavan availability
930,Generated Long Tail,rooms near ISKCON Temple Vrindavan contact
931,Generated Long Tail,rooms near ISKCON Temple Vrindavan location
932,Generated Long Tail,rooms near ISKCON Temple Vrindavan address
933,Generated Long Tail,rooms near ISKCON Temple Vrindavan reviews
934,Generated Long Tail,rooms near ISKCON Temple Vrindavan photos
935,Generated Long Tail,rooms near ISKCON Temple Vrindavan amenities
936,Generated Long Tail,rooms near ISKCON Temple Vrindavan for families
937,Generated Long Tail,rooms near ISKCON Temple Vrindavan for pilgrims
938,Generated Long Tail,rooms near ISKCON Temple Vrindavan with AC
939,Generated Long Tail,rooms near ISKCON Temple Vrindavan with WiFi
940,Generated Long Tail,rooms near ISKCON Temple Vrindavan with hot water
941,Generated Long Tail,rooms near ISKCON Temple Vrindavan near temple
942,Generated Long Tail,rooms near ISKCON Temple Vrindavan peaceful stay
943,Generated Long Tail,rooms near ISKCON Temple Vrindavan affordable stay
944,Generated Long Tail,rooms near ISKCON Temple Vrindavan comfortable stay
945,Generated Long Tail,rooms near ISKCON Temple Vrindavan direct booking
946,Generated Long Tail,rooms near ISKCON Temple Vrindavan official booking
947,Generated Long Tail,rooms near ISKCON Temple Vrindavan reservation
948,Generated Long Tail,rooms near ISKCON Temple Vrindavan stay
949,Generated Long Tail,rooms near ISKCON Temple Vrindavan accommodation
950,Generated Long Tail,rooms near ISKCON Temple Vrindavan rooms
951,Generated Long Tail,Vrindavan guest house online booking
952,Generated Long Tail,Vrindavan guest house room booking
953,Generated Long Tail,Vrindavan guest house price
954,Generated Long Tail,Vrindavan guest house rates
955,Generated Long Tail,Vrindavan guest house contact
956,Generated Long Tail,Vrindavan guest house location
957,Generated Long Tail,Vrindavan guest house address
958,Generated Long Tail,Vrindavan guest house reviews
959,Generated Long Tail,Vrindavan guest house photos
960,Generated Long Tail,Vrindavan guest house amenities
961,Generated Long Tail,Vrindavan guest house for families
962,Generated Long Tail,Vrindavan guest house for pilgrims
963,Generated Long Tail,Vrindavan guest house with AC
964,Generated Long Tail,Vrindavan guest house with WiFi
965,Generated Long Tail,Vrindavan guest house with hot water
966,Generated Long Tail,Vrindavan guest house near temple
967,Generated Long Tail,Vrindavan guest house peaceful stay
968,Generated Long Tail,Vrindavan guest house affordable stay
969,Generated Long Tail,Vrindavan guest house comfortable stay
970,Generated Long Tail,Vrindavan guest house direct booking
971,Generated Long Tail,Vrindavan guest house official booking
972,Generated Long Tail,Vrindavan guest house stay
973,Generated Long Tail,Vrindavan guest house accommodation
974,Generated Long Tail,Vrindavan guest house rooms
975,Generated Long Tail,Vrindavan accommodation online booking
976,Generated Long Tail,Vrindavan accommodation room booking
977,Generated Long Tail,Vrindavan accommodation price
978,Generated Long Tail,Vrindavan accommodation rates
979,Generated Long Tail,Vrindavan accommodation availability
980,Generated Long Tail,Vrindavan accommodation contact
981,Generated Long Tail,Vrindavan accommodation location
982,Generated Long Tail,Vrindavan accommodation address
983,Generated Long Tail,Vrindavan accommodation reviews
984,Generated Long Tail,Vrindavan accommodation photos
985,Generated Long Tail,Vrindavan accommodation amenities
986,Generated Long Tail,Vrindavan accommodation for families
987,Generated Long Tail,Vrindavan accommodation for pilgrims
988,Generated Long Tail,Vrindavan accommodation with hot water
989,Generated Long Tail,Vrindavan accommodation peaceful stay
990,Generated Long Tail,Vrindavan accommodation affordable stay
991,Generated Long Tail,Vrindavan accommodation comfortable stay
992,Generated Long Tail,Vrindavan accommodation direct booking
993,Generated Long Tail,Vrindavan accommodation official booking
994,Generated Long Tail,Vrindavan accommodation stay
995,Generated Long Tail,Vrindavan accommodation accommodation
996,Generated Long Tail,Vrindavan accommodation rooms
997,Generated Long Tail,Vrindavan hotel online booking
998,Generated Long Tail,Vrindavan hotel room booking
999,Generated Long Tail,Vrindavan hotel price
1000,Generated Long Tail,Vrindavan hotel rates
